outcome,team0_sn_fg,team0_sn_fga,team0_sn_fgp,team0_sn_3pfg,team0_sn_3pfga,team0_sn_fg_3pfgp,team0_sn_2pfg,team0_sn_2pfga,team0_sn_2pfgp,team0_sn_ft,team0_sn_fta,team0_sn_ftp,team0_sn_orb,team0_sn_drb,team0_sn_trb,team0_sn_ast,team0_sn_stl,team0_sn_blk,team0_sn_tov,team0_sn_pf,team0_sn_pts,team1_sn_fg,team1_sn_fga,team1_sn_fgp,team1_sn_3pfg,team1_sn_3pfga,team1_sn_fg_3pfgp,team1_sn_2pfg,team1_sn_2pfa,team1_sn_2pfgp,team1_sn_ft,team1_sn_fta,team1_sn_ftp,team1_sn_orb,team1_sn_drb,team1_sn_trb,team1_sn_ast,team1_sn_stl,team1_sn_blk,team1_sn_tov,team1_sn_pf,team1_sn_pts,team0_matchup_fg,team0_matchup_fga,team0_matchup_fgp,team0_matchup_3pfg,team0_matchup_3pfga,team0_matchup_fg_3pfgp,team0_matchup_ft,team0_matchup_fta,team0_matchup_ftp,team0_matchup_orb,team0_matchup_drb,team0_matchup_trb,team0_matchup_ast,team0_matchup_stl,team0_matchup_blk,team0_matchup_tov,team0_matchup_pf,team0_matchup_pts,team1_matchup_fg,team1_matchup_fga,team1_matchup_fgp,team1_matchup_3pfg,team1_matchup_3pfga,team1_matchup_fg_3pfgp,team1_matchup_ft,team1_matchup_fta,team1_matchup_ftp,team1_matchup_orb,team1_matchup_drb,team1_matchup_trb,team1_matchup_ast,team1_matchup_stl,team1_matchup_blk,team1_matchup_tov,team1_matchup_pf,team1_matchup_pts
0,38.3,83.4,0.459,4.2,12.8,0.329,34.1,70.6,0.482,20.1,28.9,0.696,13.6,33.4,47.0,23.4,7.5,6.5,13.9,22.5,100.8,40.0,88.9,0.45,6.5,20.2,0.322,33.4,68.7,0.487,18.5,24.6,0.754,12.9,32.1,45.0,23.8,9.6,4.6,16.2,21.1,105.0,47.0,92.0,0.5109999999999999,3.6,11.4,0.3154,17.0,24.6,0.6906,19.6,32.0,51.6,26.6,7.2,8.0,13.4,22.4,114.6,36.0,84.0,0.4264,6.6,18.4,0.3726,21.8,28.2,0.7767999999999999,11.0,25.6,36.6,19.6,7.6,2.8,13.4,22.2,100.4
1,36.0,78.0,0.462,4.0,10.8,0.374,32.0,67.2,0.476,20.1,27.0,0.746,11.3,32.5,43.8,22.2,7.5,6.7,15.0,20.9,96.2,37.7,82.6,0.457,5.6,15.2,0.368,32.1,67.4,0.477,17.9,23.6,0.759,12.5,31.2,43.7,25.6,9.1,5.3,16.7,24.1,98.9,31.5,80.5,0.39025,3.0,11.0,0.26,21.0,30.75,0.64425,16.25,32.25,48.5,18.0,10.5,4.75,16.25,21.25,87.0,35.25,84.75,0.41725,4.75,13.75,0.337,12.25,18.0,0.6715,15.75,32.25,48.0,24.75,9.5,8.25,16.75,24.75,87.5
1,39.3,84.3,0.467,3.0,8.7,0.346,36.3,75.5,0.481,16.8,21.6,0.78,12.4,30.1,42.5,26.9,7.6,5.4,13.9,23.3,98.5,36.8,78.4,0.47,5.0,13.8,0.361,31.9,64.7,0.493,18.8,24.7,0.76,11.8,31.2,43.0,23.5,7.7,4.8,15.2,22.7,97.5,35.75,76.25,0.46775,1.75,8.0,0.22425,14.75,20.25,0.7225,7.75,23.0,30.75,25.25,8.0,3.5,11.25,24.75,88.0,33.0,71.25,0.46375,4.75,13.0,0.34975,19.0,24.25,0.77725,9.5,28.25,37.75,20.25,4.75,3.25,15.0,20.25,89.75
0,36.1,77.8,0.464,4.0,10.4,0.385,32.1,67.4,0.476,20.3,26.2,0.773,11.4,29.6,41.0,24.9,7.7,5.4,14.9,24.5,96.5,37.9,84.7,0.447,6.7,19.6,0.339,31.2,65.1,0.48,16.6,23.9,0.695,12.7,30.3,43.0,22.9,8.0,4.2,14.0,21.7,99.1,39.0,80.0,0.4894,6.0,13.8,0.4418,15.6,20.0,0.7727999999999999,12.4,30.4,42.8,28.6,9.2,7.4,14.6,23.6,99.6,34.6,78.4,0.44239999999999996,7.6,17.0,0.45899999999999996,15.2,21.6,0.702,11.0,26.2,37.2,18.8,6.6,2.8,15.2,22.4,92.0
0,37.2,85.0,0.437,5.2,14.2,0.369,31.9,70.8,0.451,18.1,24.2,0.747,13.6,30.8,44.5,24.4,7.3,6.3,13.2,21.3,97.6,33.6,75.6,0.444,4.8,13.6,0.351,28.8,62.0,0.465,16.8,21.1,0.796,9.4,30.8,40.2,18.5,6.6,4.2,14.5,22.7,88.7,32.285714285714285,78.28571428571429,0.4128571428571428,4.285714285714286,11.428571428571429,0.3841428571428572,19.142857142857142,25.714285714285715,0.7395714285714287,14.714285714285714,28.857142857142858,43.57142857142857,18.571428571428573,8.714285714285714,6.0,14.571428571428571,22.571428571428573,88.0,32.42857142857143,70.71428571428571,0.4585714285714286,3.4285714285714284,11.285714285714286,0.29742857142857143,17.0,21.857142857142858,0.7684285714285713,7.428571428571429,27.285714285714285,34.714285714285715,15.142857142857142,6.714285714285714,5.0,14.0,22.857142857142858,85.28571428571429
1,36.1,77.8,0.464,4.0,10.4,0.385,32.1,67.4,0.476,20.3,26.2,0.773,11.4,29.6,41.0,24.9,7.7,5.4,14.9,24.5,96.5,37.6,81.9,0.459,6.3,16.5,0.381,31.3,65.4,0.479,18.9,23.8,0.794,10.1,31.4,41.5,21.2,7.5,6.0,13.9,23.3,100.5,34.375,78.5,0.44150000000000006,4.625,11.625,0.411375,23.625,31.125,0.75,11.875,29.125,41.0,23.5,6.625,4.125,10.75,27.25,97.0,32.625,74.125,0.4433750000000001,8.125,19.875,0.40612499999999996,26.25,30.0,0.883,8.5,30.375,38.875,18.125,4.25,6.0,13.375,24.5,99.625
0,38.3,83.4,0.459,4.2,12.8,0.329,34.1,70.6,0.482,20.1,28.9,0.696,13.6,33.4,47.0,23.4,7.5,6.5,13.9,22.5,100.8,36.8,78.4,0.47,5.0,13.8,0.361,31.9,64.7,0.493,18.8,24.7,0.76,11.8,31.2,43.0,23.5,7.7,4.8,15.2,22.7,97.5,36.833333333333336,78.5,0.4731666666666667,6.0,17.166666666666668,0.3586666666666667,20.833333333333332,31.333333333333332,0.6585,11.833333333333334,29.666666666666668,41.5,23.666666666666668,7.0,3.5,11.833333333333334,25.166666666666668,100.5,33.666666666666664,78.16666666666667,0.43216666666666664,5.0,15.0,0.3421666666666667,23.0,30.333333333333332,0.7788333333333334,12.166666666666666,27.5,39.666666666666664,18.0,6.333333333333333,4.0,11.166666666666666,24.0,95.33333333333333
1,37.7,82.6,0.457,5.6,15.2,0.368,32.1,67.4,0.477,17.9,23.6,0.759,12.5,31.2,43.7,25.6,9.1,5.3,16.7,24.1,98.9,40.0,88.9,0.45,6.5,20.2,0.322,33.4,68.7,0.487,18.5,24.6,0.754,12.9,32.1,45.0,23.8,9.6,4.6,16.2,21.1,105.0,37.42857142857143,92.71428571428571,0.40342857142857147,3.7142857142857144,13.857142857142858,0.2561428571428571,14.285714285714286,19.857142857142858,0.7224285714285715,15.428571428571429,31.142857142857142,46.57142857142857,23.0,9.714285714285714,6.285714285714286,13.0,21.0,92.85714285714286,37.857142857142854,84.85714285714286,0.44699999999999995,5.142857142857143,13.142857142857142,0.3894285714285715,19.142857142857142,25.714285714285715,0.7392857142857144,14.142857142857142,35.857142857142854,50.0,20.285714285714285,8.285714285714286,5.142857142857143,17.714285714285715,19.428571428571427,100.0
0,36.0,78.0,0.462,4.0,10.8,0.374,32.0,67.2,0.476,20.1,27.0,0.746,11.3,32.5,43.8,22.2,7.5,6.7,15.0,20.9,96.2,39.3,84.3,0.467,3.0,8.7,0.346,36.3,75.5,0.481,16.8,21.6,0.78,12.4,30.1,42.5,26.9,7.6,5.4,13.9,23.3,98.5,34.142857142857146,75.14285714285714,0.4551428571428571,5.142857142857143,11.428571428571429,0.44785714285714284,21.428571428571427,31.0,0.683,9.428571428571429,34.0,43.42857142857143,20.285714285714285,5.285714285714286,5.428571428571429,13.714285714285714,19.714285714285715,94.85714285714286,33.714285714285715,82.57142857142857,0.4075714285714286,3.0,10.285714285714286,0.2887142857142857,16.714285714285715,22.0,0.7648571428571428,11.857142857142858,31.857142857142858,43.714285714285715,22.571428571428573,7.571428571428571,5.142857142857143,13.142857142857142,27.142857142857142,87.14285714285714
0,37.1,83.1,0.446,4.9,14.6,0.338,32.2,68.6,0.469,17.1,23.3,0.735,12.7,30.7,43.3,24.3,8.7,6.0,14.5,21.1,96.2,35.8,80.2,0.446,4.9,14.6,0.339,30.9,65.7,0.47,20.3,26.3,0.772,11.3,31.3,42.7,23.0,8.0,5.3,15.2,22.9,96.8,36.55555555555556,86.11111111111111,0.4252222222222222,4.0,13.0,0.305,16.555555555555557,23.333333333333332,0.7010000000000001,12.777777777777779,31.11111111111111,43.888888888888886,21.0,7.666666666666667,6.222222222222222,15.444444444444445,22.555555555555557,93.66666666666667,34.77777777777778,78.55555555555556,0.44544444444444437,4.222222222222222,11.11111111111111,0.3887777777777777,18.444444444444443,23.77777777777778,0.7792222222222221,9.777777777777779,32.888888888888886,42.666666666666664,20.666666666666668,9.333333333333334,5.444444444444445,17.22222222222222,24.333333333333332,92.22222222222223
0,37.6,81.9,0.459,6.3,16.5,0.381,31.3,65.4,0.479,18.9,23.8,0.794,10.1,31.4,41.5,21.2,7.5,6.0,13.9,23.3,100.5,39.3,84.3,0.467,3.0,8.7,0.346,36.3,75.5,0.481,16.8,21.6,0.78,12.4,30.1,42.5,26.9,7.6,5.4,13.9,23.3,98.5,39.5,84.83333333333333,0.46666666666666673,9.333333333333334,22.166666666666668,0.42849999999999994,22.666666666666668,26.666666666666668,0.8478333333333333,9.0,30.833333333333332,39.833333333333336,22.5,4.5,4.166666666666667,9.833333333333334,23.0,111.0,41.833333333333336,85.5,0.48983333333333334,5.333333333333333,13.0,0.40233333333333327,20.0,25.5,0.7903333333333334,12.333333333333334,31.666666666666668,44.0,23.5,5.5,4.333333333333333,11.333333333333334,24.333333333333332,109.0
1,36.8,78.4,0.47,5.0,13.8,0.361,31.9,64.7,0.493,18.8,24.7,0.76,11.8,31.2,43.0,23.5,7.7,4.8,15.2,22.7,97.5,38.3,83.4,0.459,4.2,12.8,0.329,34.1,70.6,0.482,20.1,28.9,0.696,13.6,33.4,47.0,23.4,7.5,6.5,13.9,22.5,100.8,30.75,81.75,0.37925,6.0,18.5,0.3325,19.75,25.75,0.7590000000000001,9.5,32.5,42.0,16.5,7.75,4.75,11.5,25.5,87.25,34.25,78.25,0.43775,5.5,16.0,0.33075,22.75,31.25,0.722,11.5,35.75,47.25,20.25,7.25,6.75,12.5,21.75,96.75
0,40.0,88.9,0.45,6.5,20.2,0.322,33.4,68.7,0.487,18.5,24.6,0.754,12.9,32.1,45.0,23.8,9.6,4.6,16.2,21.1,105.0,36.1,77.8,0.464,4.0,10.4,0.385,32.1,67.4,0.476,20.3,26.2,0.773,11.4,29.6,41.0,24.9,7.7,5.4,14.9,24.5,96.5,35.833333333333336,79.16666666666667,0.45383333333333337,5.5,16.333333333333332,0.36000000000000004,23.333333333333332,30.666666666666668,0.7699999999999999,11.166666666666666,29.666666666666668,40.833333333333336,20.166666666666668,9.833333333333334,5.5,15.166666666666666,24.5,100.5,34.0,80.66666666666667,0.42183333333333345,3.0,10.666666666666666,0.2791666666666667,18.166666666666668,26.5,0.6948333333333333,15.5,30.5,46.0,23.0,7.666666666666667,6.166666666666667,18.333333333333332,25.833333333333332,89.16666666666667
1,37.9,84.7,0.447,6.7,19.6,0.339,31.2,65.1,0.48,16.6,23.9,0.695,12.7,30.3,43.0,22.9,8.0,4.2,14.0,21.7,99.1,36.0,78.0,0.462,4.0,10.8,0.374,32.0,67.2,0.476,20.1,27.0,0.746,11.3,32.5,43.8,22.2,7.5,6.7,15.0,20.9,96.2,36.75,79.375,0.465625,5.0,12.875,0.3555,12.75,18.75,0.679125,11.0,27.25,38.25,18.625,6.625,4.25,11.125,23.125,91.25,34.625,75.375,0.45937500000000003,5.5,16.0,0.342625,20.75,27.375,0.762625,12.0,29.875,41.875,18.875,6.125,7.375,12.375,19.625,95.5
0,36.3,81.0,0.448,3.0,9.6,0.311,33.3,71.4,0.466,21.3,27.5,0.775,12.7,29.5,42.2,21.6,10.3,3.5,14.8,22.0,96.8,35.5,81.6,0.435,4.9,13.1,0.376,30.6,68.5,0.447,17.9,23.3,0.768,13.4,30.2,43.6,22.0,8.0,4.8,14.8,21.6,93.9,35.25,78.0,0.45087499999999997,3.875,10.125,0.386625,22.75,28.125,0.80575,12.75,26.75,39.5,21.75,8.875,3.125,12.875,23.0,97.125,34.5,76.375,0.45125000000000004,5.375,14.25,0.3735,17.875,24.875,0.727875,11.625,27.0,38.625,20.0,7.25,5.25,15.625,25.125,92.25
1,36.8,78.4,0.47,5.0,13.8,0.361,31.9,64.7,0.493,18.8,24.7,0.76,11.8,31.2,43.0,23.5,7.7,4.8,15.2,22.7,97.5,37.6,81.9,0.459,6.3,16.5,0.381,31.3,65.4,0.479,18.9,23.8,0.794,10.1,31.4,41.5,21.2,7.5,6.0,13.9,23.3,100.5,36.36363636363637,80.81818181818181,0.45009090909090904,5.818181818181818,16.272727272727273,0.3660909090909091,19.818181818181817,27.181818181818183,0.7259090909090908,15.727272727272727,30.09090909090909,45.81818181818182,23.09090909090909,7.090909090909091,3.272727272727273,14.181818181818182,20.727272727272727,98.36363636363636,36.63636363636363,81.18181818181819,0.45209090909090927,8.181818181818182,21.0,0.3813636363636363,16.272727272727273,19.636363636363637,0.8320909090909091,11.363636363636363,27.545454545454547,38.90909090909091,20.545454545454547,7.545454545454546,4.636363636363637,12.181818181818182,22.545454545454547,97.72727272727273
0,38.3,83.4,0.459,4.2,12.8,0.329,34.1,70.6,0.482,20.1,28.9,0.696,13.6,33.4,47.0,23.4,7.5,6.5,13.9,22.5,100.8,39.3,84.3,0.467,3.0,8.7,0.346,36.3,75.5,0.481,16.8,21.6,0.78,12.4,30.1,42.5,26.9,7.6,5.4,13.9,23.3,98.5,39.44444444444444,89.77777777777777,0.4397777777777778,6.111111111111111,18.77777777777778,0.32355555555555554,17.555555555555557,26.0,0.6704444444444445,14.11111111111111,30.555555555555557,44.666666666666664,25.11111111111111,8.11111111111111,5.222222222222222,9.666666666666666,22.22222222222222,102.55555555555556,38.55555555555556,81.66666666666667,0.47433333333333333,5.555555555555555,13.666666666666666,0.43066666666666664,18.0,23.333333333333332,0.7582222222222222,9.555555555555555,34.888888888888886,44.44444444444444,24.0,5.111111111111111,3.7777777777777777,14.333333333333334,23.444444444444443,100.66666666666667
1,36.1,77.8,0.464,4.0,10.4,0.385,32.1,67.4,0.476,20.3,26.2,0.773,11.4,29.6,41.0,24.9,7.7,5.4,14.9,24.5,96.5,40.0,88.9,0.45,6.5,20.2,0.322,33.4,68.7,0.487,18.5,24.6,0.754,12.9,32.1,45.0,23.8,9.6,4.6,16.2,21.1,105.0,36.22222222222222,81.0,0.4473333333333334,2.5555555555555554,7.111111111111111,0.4012222222222222,19.666666666666668,26.666666666666668,0.7355555555555555,14.666666666666666,27.666666666666668,42.333333333333336,22.666666666666668,8.0,4.666666666666667,15.11111111111111,23.666666666666668,94.66666666666667,37.111111111111114,79.33333333333333,0.46733333333333327,6.333333333333333,15.555555555555555,0.40977777777777774,20.666666666666668,26.444444444444443,0.7775555555555556,11.444444444444445,27.555555555555557,39.0,23.22222222222222,9.0,5.444444444444445,13.777777777777779,22.444444444444443,101.22222222222223
1,37.7,82.6,0.457,5.6,15.2,0.368,32.1,67.4,0.477,17.9,23.6,0.759,12.5,31.2,43.7,25.6,9.1,5.3,16.7,24.1,98.9,36.0,78.0,0.462,4.0,10.8,0.374,32.0,67.2,0.476,20.1,27.0,0.746,11.3,32.5,43.8,22.2,7.5,6.7,15.0,20.9,96.2,34.6,83.1,0.4229,4.8,13.6,0.36669999999999997,16.1,21.9,0.7485999999999999,13.4,28.3,41.7,16.7,9.2,5.2,15.1,27.0,90.1,32.8,77.4,0.4253,5.0,18.4,0.2785,21.4,30.2,0.7106,13.9,31.9,45.8,22.0,8.0,6.8,17.4,20.6,92.0
1,33.6,75.6,0.444,4.8,13.6,0.351,28.8,62.0,0.465,16.8,21.1,0.796,9.4,30.8,40.2,18.5,6.6,4.2,14.5,22.7,88.7,37.1,83.1,0.446,4.9,14.6,0.338,32.2,68.6,0.469,17.1,23.3,0.735,12.7,30.7,43.3,24.3,8.7,6.0,14.5,21.1,96.2,31.166666666666668,80.5,0.38716666666666666,3.5,12.5,0.2625,16.0,20.333333333333332,0.7699999999999999,14.0,28.0,42.0,17.666666666666668,9.666666666666666,5.5,16.333333333333332,27.166666666666668,81.83333333333333,34.333333333333336,73.16666666666667,0.47066666666666673,5.166666666666667,14.5,0.37650000000000006,19.333333333333332,27.333333333333332,0.7165,9.166666666666666,29.833333333333332,39.0,23.333333333333332,8.833333333333334,4.666666666666667,15.833333333333334,20.0,93.16666666666667
0,38.3,83.4,0.459,4.2,12.8,0.329,34.1,70.6,0.482,20.1,28.9,0.696,13.6,33.4,47.0,23.4,7.5,6.5,13.9,22.5,100.8,33.4,75.5,0.442,6.3,17.1,0.366,27.1,58.4,0.464,16.7,21.6,0.773,10.3,32.3,42.6,19.3,6.8,5.4,16.7,21.5,89.8,32.75,78.125,0.4195,5.125,13.5,0.385625,19.5,29.5,0.656625,11.375,30.125,41.5,22.875,9.5,4.125,11.75,20.625,90.125,33.625,75.25,0.44725,5.5,14.375,0.38300000000000006,16.5,21.75,0.7668749999999999,8.625,32.75,41.375,18.75,6.0,4.375,14.5,23.125,89.25
1,36.5,82.5,0.443,4.0,12.0,0.336,32.5,70.5,0.461,20.2,26.3,0.767,13.2,29.1,42.3,21.9,9.1,6.3,15.6,22.0,97.2,39.3,84.3,0.467,3.0,8.7,0.346,36.3,75.5,0.481,16.8,21.6,0.78,12.4,30.1,42.5,26.9,7.6,5.4,13.9,23.3,98.5,34.44444444444444,86.0,0.3993333333333334,4.111111111111111,12.88888888888889,0.317,16.11111111111111,21.666666666666668,0.726,13.555555555555555,29.0,42.55555555555556,19.444444444444443,7.333333333333333,2.7777777777777777,11.88888888888889,23.0,89.11111111111111,35.666666666666664,77.88888888888889,0.45944444444444443,5.0,11.333333333333334,0.4092222222222222,18.0,23.88888888888889,0.759888888888889,10.222222222222221,33.22222222222222,43.44444444444444,21.77777777777778,6.444444444444445,5.555555555555555,14.555555555555555,22.22222222222222,94.33333333333333
0,40.0,88.9,0.45,6.5,20.2,0.322,33.4,68.7,0.487,18.5,24.6,0.754,12.9,32.1,45.0,23.8,9.6,4.6,16.2,21.1,105.0,37.6,81.9,0.459,6.3,16.5,0.381,31.3,65.4,0.479,18.9,23.8,0.794,10.1,31.4,41.5,21.2,7.5,6.0,13.9,23.3,100.5,41.142857142857146,87.28571428571429,0.4714285714285714,7.714285714285714,18.714285714285715,0.40614285714285714,17.428571428571427,23.0,0.7601428571428571,12.0,34.714285714285715,46.714285714285715,27.142857142857142,8.571428571428571,3.857142857142857,14.714285714285714,20.142857142857142,107.42857142857143,40.857142857142854,96.42857142857143,0.424,7.0,20.285714285714285,0.3427142857142857,16.142857142857142,20.714285714285715,0.7964285714285715,17.714285714285715,31.142857142857142,48.857142857142854,24.0,7.571428571428571,7.142857142857143,12.285714285714286,20.142857142857142,104.85714285714286
0,36.0,78.0,0.462,4.0,10.8,0.374,32.0,67.2,0.476,20.1,27.0,0.746,11.3,32.5,43.8,22.2,7.5,6.7,15.0,20.9,96.2,36.1,81.2,0.445,5.5,16.0,0.34,30.7,65.2,0.471,19.0,26.1,0.727,12.8,29.0,41.8,23.4,9.7,6.9,15.0,23.2,96.7,32.75,72.625,0.453375,7.375,16.0,0.46087500000000003,16.625,24.75,0.6753750000000001,11.25,34.0,45.25,20.125,8.125,6.75,19.0,21.125,89.5,31.25,77.25,0.40325000000000005,3.75,12.5,0.29300000000000004,16.75,23.125,0.7202500000000001,10.75,26.625,37.375,17.125,11.5,6.125,13.875,23.125,83.0
1,34.7,80.4,0.432,6.2,17.5,0.357,28.5,62.9,0.453,18.7,25.0,0.75,12.2,31.6,43.8,21.3,7.0,4.5,16.7,24.7,94.5,36.2,82.9,0.437,6.3,18.3,0.343,29.9,64.6,0.463,21.9,30.2,0.725,13.8,29.0,42.8,19.1,8.7,4.2,14.3,22.0,100.5,33.0,83.0,0.40028571428571436,8.0,22.428571428571427,0.3678571428571429,21.571428571428573,27.714285714285715,0.7768571428571429,13.857142857142858,32.0,45.857142857142854,19.428571428571427,6.857142857142857,5.0,17.714285714285715,28.714285714285715,95.57142857142857,34.42857142857143,84.42857142857143,0.40857142857142853,5.428571428571429,17.571428571428573,0.3192857142857143,25.428571428571427,35.0,0.7125714285714286,15.142857142857142,32.142857142857146,47.285714285714285,17.0,9.857142857142858,6.0,14.285714285714286,25.142857142857142,99.71428571428571
0,37.6,81.9,0.459,6.3,16.5,0.381,31.3,65.4,0.479,18.9,23.8,0.794,10.1,31.4,41.5,21.2,7.5,6.0,13.9,23.3,100.5,33.4,75.5,0.442,6.3,17.1,0.366,27.1,58.4,0.464,16.7,21.6,0.773,10.3,32.3,42.6,19.3,6.8,5.4,16.7,21.5,89.8,35.888888888888886,78.66666666666667,0.4554444444444444,8.11111111111111,18.333333333333332,0.4502222222222222,23.88888888888889,30.0,0.7972222222222222,12.88888888888889,29.666666666666668,42.55555555555556,19.0,7.333333333333333,5.333333333333333,11.555555555555555,23.11111111111111,103.77777777777777,35.888888888888886,78.0,0.4625555555555556,8.222222222222221,20.333333333333332,0.40244444444444444,19.77777777777778,25.333333333333332,0.7854444444444444,11.333333333333334,28.77777777777778,40.111111111111114,19.77777777777778,6.888888888888889,5.555555555555555,13.11111111111111,23.666666666666668,99.77777777777777
1,36.1,81.2,0.445,5.5,16.0,0.34,30.7,65.2,0.471,19.0,26.1,0.727,12.8,29.0,41.8,23.4,9.7,6.9,15.0,23.2,96.7,37.7,82.6,0.457,5.6,15.2,0.368,32.1,67.4,0.477,17.9,23.6,0.759,12.5,31.2,43.7,25.6,9.1,5.3,16.7,24.1,98.9,40.0,86.42857142857143,0.4628571428571429,8.428571428571429,20.571428571428573,0.3980000000000001,12.857142857142858,18.142857142857142,0.7049999999999998,11.285714285714286,30.142857142857142,41.42857142857143,21.714285714285715,6.857142857142857,5.0,10.285714285714286,21.571428571428573,101.28571428571429,37.714285714285715,81.42857142857143,0.4685714285714286,9.857142857142858,25.142857142857142,0.3932857142857143,20.428571428571427,26.714285714285715,0.7711428571428572,12.0,32.0,44.0,23.285714285714285,5.857142857142857,6.857142857142857,12.142857142857142,17.142857142857142,105.71428571428571
1,36.5,82.5,0.443,4.0,12.0,0.336,32.5,70.5,0.461,20.2,26.3,0.767,13.2,29.1,42.3,21.9,9.1,6.3,15.6,22.0,97.2,36.0,78.0,0.462,4.0,10.8,0.374,32.0,67.2,0.476,20.1,27.0,0.746,11.3,32.5,43.8,22.2,7.5,6.7,15.0,20.9,96.2,32.22222222222222,78.44444444444444,0.41044444444444445,2.3333333333333335,8.11111111111111,0.3038888888888889,23.0,30.11111111111111,0.7628888888888888,11.333333333333334,28.88888888888889,40.22222222222222,16.88888888888889,7.0,6.222222222222222,12.11111111111111,24.666666666666668,89.77777777777777,33.888888888888886,78.44444444444444,0.4347777777777778,5.777777777777778,16.555555555555557,0.35244444444444445,22.11111111111111,29.22222222222222,0.7594444444444445,11.444444444444445,32.44444444444444,43.888888888888886,19.11111111111111,5.555555555555555,7.555555555555555,13.88888888888889,23.88888888888889,95.66666666666667
0,37.9,84.7,0.447,6.7,19.6,0.339,31.2,65.1,0.48,16.6,23.9,0.695,12.7,30.3,43.0,22.9,8.0,4.2,14.0,21.7,99.1,40.0,88.9,0.45,6.5,20.2,0.322,33.4,68.7,0.487,18.5,24.6,0.754,12.9,32.1,45.0,23.8,9.6,4.6,16.2,21.1,105.0,36.333333333333336,79.22222222222223,0.46111111111111114,6.555555555555555,18.555555555555557,0.3544444444444445,27.77777777777778,33.77777777777778,0.8197777777777777,13.222222222222221,30.555555555555557,43.77777777777778,17.88888888888889,6.0,4.666666666666667,11.777777777777779,22.77777777777778,107.0,38.333333333333336,84.55555555555556,0.4547777777777778,6.555555555555555,21.11111111111111,0.30388888888888893,18.88888888888889,24.77777777777778,0.7622222222222221,12.11111111111111,24.444444444444443,36.55555555555556,22.11111111111111,5.777777777777778,3.6666666666666665,10.666666666666666,25.666666666666668,102.11111111111111
1,35.8,80.2,0.446,4.9,14.6,0.339,30.9,65.7,0.47,20.3,26.3,0.772,11.3,31.3,42.7,23.0,8.0,5.3,15.2,22.9,96.8,37.1,83.1,0.446,4.9,14.6,0.338,32.2,68.6,0.469,17.1,23.3,0.735,12.7,30.7,43.3,24.3,8.7,6.0,14.5,21.1,96.2,32.666666666666664,72.33333333333333,0.45483333333333337,7.166666666666667,20.333333333333332,0.3623333333333334,18.5,25.166666666666668,0.726,8.5,30.166666666666668,38.666666666666664,19.833333333333332,5.833333333333333,4.666666666666667,13.666666666666666,23.833333333333332,91.0,34.333333333333336,77.5,0.44383333333333336,3.8333333333333335,14.5,0.27599999999999997,18.833333333333332,24.5,0.7765,10.0,28.333333333333332,38.333333333333336,24.833333333333332,6.666666666666667,3.1666666666666665,10.166666666666666,21.666666666666668,91.33333333333333
1,36.1,81.2,0.445,5.5,16.0,0.34,30.7,65.2,0.471,19.0,26.1,0.727,12.8,29.0,41.8,23.4,9.7,6.9,15.0,23.2,96.7,37.6,81.9,0.459,6.3,16.5,0.381,31.3,65.4,0.479,18.9,23.8,0.794,10.1,31.4,41.5,21.2,7.5,6.0,13.9,23.3,100.5,30.857142857142858,69.14285714285714,0.44728571428571434,5.0,14.285714285714286,0.3245714285714286,20.428571428571427,28.428571428571427,0.7332857142857144,9.571428571428571,25.857142857142858,35.42857142857143,15.714285714285714,6.857142857142857,4.428571428571429,14.714285714285714,25.142857142857142,87.14285714285714,33.714285714285715,73.71428571428571,0.4565714285714285,4.571428571428571,11.571428571428571,0.40314285714285714,22.142857142857142,27.857142857142858,0.8055714285714285,13.0,29.428571428571427,42.42857142857143,16.571428571428573,7.857142857142857,6.428571428571429,13.285714285714286,26.428571428571427,94.14285714285714
1,36.5,82.5,0.443,4.0,12.0,0.336,32.5,70.5,0.461,20.2,26.3,0.767,13.2,29.1,42.3,21.9,9.1,6.3,15.6,22.0,97.2,36.5,78.6,0.465,3.5,10.3,0.344,33.0,68.3,0.483,20.7,26.1,0.791,10.1,33.0,43.1,20.8,6.5,6.1,14.5,22.8,97.2,33.111111111111114,81.88888888888889,0.4066666666666667,3.6666666666666665,13.333333333333334,0.275,20.88888888888889,28.77777777777778,0.7258888888888888,10.444444444444445,27.555555555555557,38.0,22.22222222222222,7.222222222222222,4.111111111111111,12.11111111111111,23.11111111111111,90.77777777777777,37.22222222222222,76.88888888888889,0.482,4.444444444444445,13.0,0.35433333333333333,20.88888888888889,26.77777777777778,0.7851111111111111,8.333333333333334,34.44444444444444,42.77777777777778,24.0,5.888888888888889,6.111111111111111,15.666666666666666,25.333333333333332,99.77777777777777
1,38.3,83.4,0.459,4.2,12.8,0.329,34.1,70.6,0.482,20.1,28.9,0.696,13.6,33.4,47.0,23.4,7.5,6.5,13.9,22.5,100.8,37.7,82.6,0.457,5.6,15.2,0.368,32.1,67.4,0.477,17.9,23.6,0.759,12.5,31.2,43.7,25.6,9.1,5.3,16.7,24.1,98.9,38.111111111111114,84.66666666666667,0.45366666666666666,7.222222222222222,22.11111111111111,0.3332222222222222,17.22222222222222,22.0,0.7867777777777777,10.333333333333334,31.77777777777778,42.111111111111114,17.22222222222222,6.888888888888889,3.2222222222222223,13.555555555555555,22.666666666666668,100.66666666666667,40.333333333333336,81.22222222222223,0.4961111111111111,9.444444444444445,22.333333333333332,0.42588888888888893,19.666666666666668,22.22222222222222,0.8992222222222223,6.222222222222222,30.555555555555557,36.77777777777778,23.77777777777778,6.111111111111111,3.6666666666666665,11.11111111111111,19.77777777777778,109.77777777777777
1,40.0,88.9,0.45,6.5,20.2,0.322,33.4,68.7,0.487,18.5,24.6,0.754,12.9,32.1,45.0,23.8,9.6,4.6,16.2,21.1,105.0,36.0,78.0,0.462,4.0,10.8,0.374,32.0,67.2,0.476,20.1,27.0,0.746,11.3,32.5,43.8,22.2,7.5,6.7,15.0,20.9,96.2,35.333333333333336,79.88888888888889,0.44222222222222224,5.111111111111111,14.88888888888889,0.33033333333333337,20.11111111111111,25.666666666666668,0.7746666666666666,12.333333333333334,27.444444444444443,39.77777777777778,16.88888888888889,8.0,3.0,13.444444444444445,24.22222222222222,95.88888888888889,36.77777777777778,75.22222222222223,0.4896666666666667,7.0,17.555555555555557,0.38411111111111107,21.0,26.444444444444443,0.7871111111111111,9.0,30.333333333333332,39.333333333333336,20.11111111111111,6.333333333333333,5.777777777777778,13.555555555555555,21.77777777777778,101.55555555555556
1,37.2,85.0,0.437,5.2,14.2,0.369,31.9,70.8,0.451,18.1,24.2,0.747,13.6,30.8,44.5,24.4,7.3,6.3,13.2,21.3,97.6,37.1,83.1,0.446,4.9,14.6,0.338,32.2,68.6,0.469,17.1,23.3,0.735,12.7,30.7,43.3,24.3,8.7,6.0,14.5,21.1,96.2,34.857142857142854,76.57142857142857,0.4574285714285714,5.428571428571429,15.714285714285714,0.3554285714285714,18.428571428571427,23.0,0.7975714285714286,6.571428571428571,29.714285714285715,36.285714285714285,21.428571428571427,7.857142857142857,3.2857142857142856,15.0,21.142857142857142,93.57142857142857,37.142857142857146,76.42857142857143,0.4858571428571428,8.285714285714286,21.714285714285715,0.37,16.285714285714285,21.285714285714285,0.766857142857143,9.142857142857142,33.142857142857146,42.285714285714285,25.0,5.714285714285714,2.5714285714285716,16.714285714285715,20.571428571428573,98.85714285714286
1,37.6,81.9,0.459,6.3,16.5,0.381,31.3,65.4,0.479,18.9,23.8,0.794,10.1,31.4,41.5,21.2,7.5,6.0,13.9,23.3,100.5,39.8,86.0,0.463,8.5,24.0,0.356,31.2,62.0,0.504,18.5,25.8,0.717,11.5,30.0,41.4,23.8,9.1,5.7,16.0,23.6,106.5,33.77777777777778,80.22222222222223,0.4218888888888889,6.888888888888889,21.666666666666668,0.2988888888888888,23.0,30.11111111111111,0.7624444444444445,14.333333333333334,30.666666666666668,45.0,17.77777777777778,8.0,4.777777777777778,15.444444444444445,24.22222222222222,97.44444444444444,37.22222222222222,78.66666666666667,0.47388888888888886,10.11111111111111,26.11111111111111,0.38011111111111107,22.77777777777778,30.444444444444443,0.7508888888888889,11.11111111111111,30.0,41.111111111111114,19.77777777777778,8.555555555555555,5.111111111111111,14.333333333333334,24.88888888888889,107.33333333333333
0,37.7,82.6,0.457,5.6,15.2,0.368,32.1,67.4,0.477,17.9,23.6,0.759,12.5,31.2,43.7,25.6,9.1,5.3,16.7,24.1,98.9,38.3,83.4,0.459,4.2,12.8,0.329,34.1,70.6,0.482,20.1,28.9,0.696,13.6,33.4,47.0,23.4,7.5,6.5,13.9,22.5,100.8,38.714285714285715,82.57142857142857,0.46928571428571425,8.714285714285714,24.0,0.36028571428571426,17.714285714285715,22.571428571428573,0.777,9.0,30.285714285714285,39.285714285714285,23.571428571428573,6.0,4.285714285714286,12.714285714285714,18.428571428571427,103.85714285714286,38.142857142857146,85.28571428571429,0.44757142857142856,6.428571428571429,18.285714285714285,0.3544285714285714,14.857142857142858,21.0,0.691,14.0,30.428571428571427,44.42857142857143,15.285714285714286,6.428571428571429,4.285714285714286,14.285714285714286,21.142857142857142,97.57142857142857
0,36.0,78.0,0.462,4.0,10.8,0.374,32.0,67.2,0.476,20.1,27.0,0.746,11.3,32.5,43.8,22.2,7.5,6.7,15.0,20.9,96.2,36.5,82.5,0.443,4.0,12.0,0.336,32.5,70.5,0.461,20.2,26.3,0.767,13.2,29.1,42.3,21.9,9.1,6.3,15.6,22.0,97.2,36.375,82.625,0.440375,6.75,19.875,0.3375,12.375,18.75,0.669625,11.375,29.5,40.875,21.625,7.75,5.125,10.375,17.75,91.875,34.5,79.0,0.436875,5.125,15.0,0.32725,13.875,19.5,0.7014999999999999,11.875,32.5,44.375,18.25,5.625,4.0,15.375,19.25,88.0
1,33.4,75.5,0.442,6.3,17.1,0.366,27.1,58.4,0.464,16.7,21.6,0.773,10.3,32.3,42.6,19.3,6.8,5.4,16.7,21.5,89.8,36.1,77.8,0.464,4.0,10.4,0.385,32.1,67.4,0.476,20.3,26.2,0.773,11.4,29.6,41.0,24.9,7.7,5.4,14.9,24.5,96.5,30.5,73.7,0.4132999999999999,7.7,23.3,0.3297,21.2,27.3,0.7774000000000002,9.8,30.2,40.0,18.0,7.1,3.6,13.1,21.1,89.9,35.6,78.8,0.45439999999999997,3.8,12.4,0.3045,17.7,23.5,0.7463,10.5,31.9,42.4,22.7,6.1,4.2,12.5,23.2,92.7
0,37.3,78.6,0.474,9.8,25.3,0.386,27.5,53.3,0.516,20.1,27.9,0.721,9.4,32.6,42.0,20.8,6.3,4.1,14.3,20.6,104.5,37.2,85.0,0.437,5.2,14.2,0.369,31.9,70.8,0.451,18.1,24.2,0.747,13.6,30.8,44.5,24.4,7.3,6.3,13.2,21.3,97.6,38.333333333333336,80.0,0.4809999999999999,10.0,29.0,0.3458333333333334,19.5,24.666666666666668,0.7878333333333334,11.166666666666666,35.0,46.166666666666664,20.333333333333332,4.666666666666667,4.0,12.833333333333334,17.666666666666668,106.16666666666667,36.833333333333336,84.66666666666667,0.4373333333333333,7.833333333333333,20.833333333333332,0.36433333333333334,19.333333333333332,22.5,0.8496666666666667,9.5,29.5,39.0,21.666666666666668,6.166666666666667,1.6666666666666667,9.166666666666666,21.5,100.83333333333333
1,36.5,82.5,0.443,4.0,12.0,0.336,32.5,70.5,0.461,20.2,26.3,0.767,13.2,29.1,42.3,21.9,9.1,6.3,15.6,22.0,97.2,38.3,83.4,0.459,4.2,12.8,0.329,34.1,70.6,0.482,20.1,28.9,0.696,13.6,33.4,47.0,23.4,7.5,6.5,13.9,22.5,100.8,39.0,87.5,0.4455,4.166666666666667,16.0,0.2785,22.333333333333332,30.833333333333332,0.7238333333333333,14.666666666666666,31.166666666666668,45.833333333333336,19.666666666666668,8.0,5.166666666666667,15.166666666666666,25.5,104.5,43.333333333333336,88.83333333333333,0.48699999999999993,9.833333333333334,23.833333333333332,0.41283333333333333,22.0,30.5,0.7213333333333333,13.166666666666666,32.0,45.166666666666664,29.166666666666668,7.833333333333333,5.833333333333333,12.666666666666666,24.5,118.5
1,37.6,81.9,0.459,6.3,16.5,0.381,31.3,65.4,0.479,18.9,23.8,0.794,10.1,31.4,41.5,21.2,7.5,6.0,13.9,23.3,100.5,35.5,81.6,0.435,4.9,13.1,0.376,30.6,68.5,0.447,17.9,23.3,0.768,13.4,30.2,43.6,22.0,8.0,4.8,14.8,21.6,93.9,33.77777777777778,80.0,0.4237777777777778,6.555555555555555,19.333333333333332,0.3433333333333333,22.666666666666668,27.555555555555557,0.8231111111111111,13.333333333333334,31.22222222222222,44.55555555555556,19.77777777777778,4.555555555555555,3.888888888888889,11.222222222222221,20.88888888888889,96.77777777777777,37.666666666666664,81.88888888888889,0.4621111111111111,6.666666666666667,15.777777777777779,0.4226666666666667,18.88888888888889,23.88888888888889,0.8006666666666666,11.666666666666666,30.555555555555557,42.22222222222222,19.444444444444443,6.777777777777778,4.777777777777778,9.11111111111111,22.22222222222222,100.88888888888889
1,37.7,82.6,0.457,5.6,15.2,0.368,32.1,67.4,0.477,17.9,23.6,0.759,12.5,31.2,43.7,25.6,9.1,5.3,16.7,24.1,98.9,36.0,78.0,0.462,4.0,10.8,0.374,32.0,67.2,0.476,20.1,27.0,0.746,11.3,32.5,43.8,22.2,7.5,6.7,15.0,20.9,96.2,36.42857142857143,78.28571428571429,0.46328571428571425,4.428571428571429,14.857142857142858,0.30742857142857144,19.0,28.285714285714285,0.6865714285714287,7.285714285714286,32.285714285714285,39.57142857142857,19.428571428571427,6.857142857142857,6.571428571428571,12.285714285714286,20.714285714285715,96.28571428571429,38.42857142857143,83.57142857142857,0.45814285714285713,4.428571428571429,13.571428571428571,0.3311428571428571,16.428571428571427,21.0,0.7882857142857143,9.428571428571429,33.714285714285715,43.142857142857146,16.857142857142858,6.714285714285714,4.571428571428571,13.428571428571429,25.428571428571427,97.71428571428571
0,36.1,77.8,0.464,4.0,10.4,0.385,32.1,67.4,0.476,20.3,26.2,0.773,11.4,29.6,41.0,24.9,7.7,5.4,14.9,24.5,96.5,33.4,75.5,0.442,6.3,17.1,0.366,27.1,58.4,0.464,16.7,21.6,0.773,10.3,32.3,42.6,19.3,6.8,5.4,16.7,21.5,89.8,34.44444444444444,76.0,0.4532222222222222,4.777777777777778,14.555555555555555,0.3198888888888889,19.666666666666668,27.22222222222222,0.7201111111111111,12.666666666666666,31.333333333333332,44.0,20.22222222222222,5.666666666666667,5.555555555555555,13.11111111111111,23.0,93.33333333333333,32.888888888888886,78.22222222222223,0.41988888888888887,6.444444444444445,20.666666666666668,0.3113333333333334,18.77777777777778,26.88888888888889,0.6888888888888888,11.666666666666666,29.22222222222222,40.888888888888886,16.555555555555557,6.888888888888889,5.222222222222222,10.88888888888889,22.11111111111111,91.0
0,37.3,78.6,0.474,9.8,25.3,0.386,27.5,53.3,0.516,20.1,27.9,0.721,9.4,32.6,42.0,20.8,6.3,4.1,14.3,20.6,104.5,36.3,81.0,0.448,3.0,9.6,0.311,33.3,71.4,0.466,21.3,27.5,0.775,12.7,29.5,42.2,21.6,10.3,3.5,14.8,22.0,96.8,34.42857142857143,76.0,0.4531428571428572,8.571428571428571,24.571428571428573,0.3425714285714285,19.571428571428573,26.571428571428573,0.7351428571428571,10.142857142857142,29.571428571428573,39.714285714285715,18.142857142857142,5.857142857142857,4.571428571428571,12.857142857142858,19.428571428571427,97.0,36.0,78.42857142857143,0.4615714285714286,4.714285714285714,13.571428571428571,0.3712857142857143,15.142857142857142,20.714285714285715,0.7341428571428571,9.285714285714286,29.0,38.285714285714285,18.714285714285715,6.428571428571429,3.2857142857142856,13.857142857142858,23.714285714285715,91.85714285714286
1,36.0,78.0,0.462,4.0,10.8,0.374,32.0,67.2,0.476,20.1,27.0,0.746,11.3,32.5,43.8,22.2,7.5,6.7,15.0,20.9,96.2,37.6,81.9,0.459,6.3,16.5,0.381,31.3,65.4,0.479,18.9,23.8,0.794,10.1,31.4,41.5,21.2,7.5,6.0,13.9,23.3,100.5,36.666666666666664,80.0,0.4571111111111112,6.555555555555555,19.11111111111111,0.35111111111111115,15.777777777777779,21.11111111111111,0.7553333333333333,9.0,29.77777777777778,38.77777777777778,17.11111111111111,5.333333333333333,3.2222222222222223,9.11111111111111,21.0,95.66666666666667,36.22222222222222,76.77777777777777,0.4706666666666666,7.444444444444445,20.11111111111111,0.36777777777777776,18.88888888888889,22.77777777777778,0.8451111111111111,9.0,33.333333333333336,42.333333333333336,19.0,5.333333333333333,4.444444444444445,10.555555555555555,18.666666666666668,98.77777777777777
0,36.5,82.5,0.443,4.0,12.0,0.336,32.5,70.5,0.461,20.2,26.3,0.767,13.2,29.1,42.3,21.9,9.1,6.3,15.6,22.0,97.2,35.5,81.6,0.435,4.9,13.1,0.376,30.6,68.5,0.447,17.9,23.3,0.768,13.4,30.2,43.6,22.0,8.0,4.8,14.8,21.6,93.9,37.875,76.375,0.49649999999999994,8.125,19.5,0.42250000000000004,20.75,26.375,0.783375,9.375,29.125,38.5,23.75,9.25,5.875,12.625,23.75,104.625,30.25,70.875,0.424,6.75,18.5,0.361125,21.875,26.625,0.8165,8.875,26.875,35.75,18.375,7.0,3.375,16.75,23.375,89.125
0,33.4,75.5,0.442,6.3,17.1,0.366,27.1,58.4,0.464,16.7,21.6,0.773,10.3,32.3,42.6,19.3,6.8,5.4,16.7,21.5,89.8,36.8,78.4,0.47,5.0,13.8,0.361,31.9,64.7,0.493,18.8,24.7,0.76,11.8,31.2,43.0,23.5,7.7,4.8,15.2,22.7,97.5,35.44444444444444,74.88888888888889,0.47644444444444445,6.444444444444445,16.666666666666668,0.38788888888888895,17.555555555555557,22.444444444444443,0.7848888888888889,8.444444444444445,31.666666666666668,40.111111111111114,18.333333333333332,5.555555555555555,3.2222222222222223,10.222222222222221,20.666666666666668,94.88888888888889,34.55555555555556,77.0,0.44922222222222213,5.555555555555555,14.88888888888889,0.36466666666666664,14.88888888888889,20.0,0.7598888888888888,10.666666666666666,26.77777777777778,37.44444444444444,16.22222222222222,5.111111111111111,7.111111111111111,10.88888888888889,22.444444444444443,89.55555555555556
0,38.3,83.4,0.459,4.2,12.8,0.329,34.1,70.6,0.482,20.1,28.9,0.696,13.6,33.4,47.0,23.4,7.5,6.5,13.9,22.5,100.8,36.1,77.8,0.464,4.0,10.4,0.385,32.1,67.4,0.476,20.3,26.2,0.773,11.4,29.6,41.0,24.9,7.7,5.4,14.9,24.5,96.5,40.25,81.5,0.49712500000000004,7.125,17.625,0.40925,22.375,29.625,0.755125,10.625,29.25,39.875,23.875,9.125,5.5,14.5,24.875,110.0,36.5,80.25,0.459,4.5,14.5,0.304875,24.0,32.5,0.7393749999999999,12.75,29.0,41.75,25.625,9.375,4.125,14.5,24.5,101.5
0,37.3,78.6,0.474,9.8,25.3,0.386,27.5,53.3,0.516,20.1,27.9,0.721,9.4,32.6,42.0,20.8,6.3,4.1,14.3,20.6,104.5,34.9,76.9,0.453,5.6,16.2,0.346,29.2,60.7,0.482,20.0,26.6,0.751,10.5,30.4,40.8,20.2,7.7,5.4,15.7,19.5,95.3,33.142857142857146,74.57142857142857,0.4442857142857143,11.571428571428571,31.142857142857142,0.372,18.428571428571427,27.428571428571427,0.6597142857142858,9.285714285714286,29.142857142857142,38.42857142857143,18.0,8.0,5.571428571428571,11.714285714285714,21.857142857142858,96.28571428571429,33.42857142857143,74.14285714285714,0.45271428571428574,4.857142857142857,16.142857142857142,0.31128571428571433,16.714285714285715,23.857142857142858,0.71,9.285714285714286,30.428571428571427,39.714285714285715,19.428571428571427,5.714285714285714,3.5714285714285716,14.285714285714286,24.0,88.42857142857143
1,37.4,80.8,0.462,5.1,15.0,0.34,32.3,65.9,0.49,21.7,27.0,0.805,11.7,31.8,43.5,20.0,8.0,5.9,15.0,21.3,101.5,38.3,83.4,0.459,4.2,12.8,0.329,34.1,70.6,0.482,20.1,28.9,0.696,13.6,33.4,47.0,23.4,7.5,6.5,13.9,22.5,100.8,33.2,81.3,0.4086,5.0,18.9,0.2686,23.1,27.8,0.8252,12.2,30.8,43.0,18.1,7.8,6.8,13.3,22.8,94.5,35.9,81.6,0.44190000000000007,6.1,19.3,0.31189999999999996,18.2,25.1,0.7259,11.8,31.3,43.1,19.5,7.4,5.7,14.4,23.0,96.1
1,36.8,78.4,0.47,5.0,13.8,0.361,31.9,64.7,0.493,18.8,24.7,0.76,11.8,31.2,43.0,23.5,7.7,4.8,15.2,22.7,97.5,37.7,82.6,0.457,5.6,15.2,0.368,32.1,67.4,0.477,17.9,23.6,0.759,12.5,31.2,43.7,25.6,9.1,5.3,16.7,24.1,98.9,34.375,78.125,0.44175,6.0,16.5,0.3521249999999999,20.5,27.875,0.736,10.625,26.875,37.5,18.375,6.75,5.375,10.25,23.0,95.25,37.125,79.5,0.46849999999999997,9.875,24.5,0.40549999999999997,19.5,24.375,0.798375,10.875,29.75,40.625,21.0,4.75,3.375,12.375,23.5,103.625
0,36.0,78.0,0.462,4.0,10.8,0.374,32.0,67.2,0.476,20.1,27.0,0.746,11.3,32.5,43.8,22.2,7.5,6.7,15.0,20.9,96.2,37.6,81.9,0.459,6.3,16.5,0.381,31.3,65.4,0.479,18.9,23.8,0.794,10.1,31.4,41.5,21.2,7.5,6.0,13.9,23.3,100.5,36.0,79.3,0.45489999999999997,5.5,16.4,0.3208000000000001,16.3,23.3,0.7033999999999999,10.1,33.1,43.2,19.2,6.0,4.0,12.8,21.2,93.8,35.1,82.9,0.4239,5.9,17.7,0.3398,18.6,23.6,0.8039,12.2,32.3,44.5,18.8,7.4,5.1,10.5,21.3,94.7
1,36.5,82.5,0.443,4.0,12.0,0.336,32.5,70.5,0.461,20.2,26.3,0.767,13.2,29.1,42.3,21.9,9.1,6.3,15.6,22.0,97.2,36.1,77.8,0.464,4.0,10.4,0.385,32.1,67.4,0.476,20.3,26.2,0.773,11.4,29.6,41.0,24.9,7.7,5.4,14.9,24.5,96.5,38.2,79.9,0.4777,5.9,17.4,0.3364,27.7,35.7,0.77,10.2,28.9,39.1,19.0,9.0,4.9,14.3,28.7,110.0,38.6,77.0,0.5029,6.0,15.6,0.3918,25.9,35.1,0.7421,9.0,29.8,38.8,25.1,6.2,4.6,15.5,26.4,109.1
0,37.0,76.8,0.481,6.7,18.0,0.37,30.3,58.8,0.515,21.5,27.9,0.769,9.6,32.5,42.1,20.0,6.6,5.2,13.9,20.4,102.1,36.3,81.0,0.448,3.0,9.6,0.311,33.3,71.4,0.466,21.3,27.5,0.775,12.7,29.5,42.2,21.6,10.3,3.5,14.8,22.0,96.8,34.833333333333336,77.66666666666667,0.4483333333333333,6.0,18.333333333333332,0.31549999999999995,24.0,30.0,0.8011666666666667,14.166666666666666,33.0,47.166666666666664,18.0,6.166666666666667,5.333333333333333,11.5,15.0,99.66666666666667,35.333333333333336,81.5,0.4335,6.5,17.166666666666668,0.36566666666666675,12.166666666666666,17.666666666666668,0.7014999999999999,10.0,27.5,37.5,21.5,7.0,2.8333333333333335,10.0,21.666666666666668,89.33333333333333
1,36.8,78.4,0.47,5.0,13.8,0.361,31.9,64.7,0.493,18.8,24.7,0.76,11.8,31.2,43.0,23.5,7.7,4.8,15.2,22.7,97.5,37.6,81.9,0.459,6.3,16.5,0.381,31.3,65.4,0.479,18.9,23.8,0.794,10.1,31.4,41.5,21.2,7.5,6.0,13.9,23.3,100.5,36.0,76.88888888888889,0.4686666666666667,4.888888888888889,15.555555555555555,0.3233333333333333,15.555555555555555,21.0,0.7327777777777776,10.444444444444445,27.444444444444443,37.888888888888886,19.0,6.0,3.5555555555555554,9.666666666666666,19.88888888888889,92.44444444444444,35.22222222222222,72.66666666666667,0.48600000000000004,7.222222222222222,19.77777777777778,0.3578888888888889,18.11111111111111,23.11111111111111,0.7933333333333333,9.666666666666666,29.11111111111111,38.77777777777778,20.88888888888889,5.222222222222222,3.5555555555555554,12.0,18.444444444444443,95.77777777777777
0,38.3,83.4,0.459,4.2,12.8,0.329,34.1,70.6,0.482,20.1,28.9,0.696,13.6,33.4,47.0,23.4,7.5,6.5,13.9,22.5,100.8,35.5,81.6,0.435,4.9,13.1,0.376,30.6,68.5,0.447,17.9,23.3,0.768,13.4,30.2,43.6,22.0,8.0,4.8,14.8,21.6,93.9,36.4,75.5,0.4824,5.2,15.4,0.3452,20.6,25.9,0.7944,11.8,29.0,40.8,20.4,6.6,5.7,11.9,20.1,98.6,33.9,75.6,0.4484000000000001,5.1,15.7,0.3134,17.1,22.2,0.7971,9.2,25.7,34.9,20.4,6.2,3.1,12.0,23.2,90.0
0,36.1,81.2,0.445,5.5,16.0,0.34,30.7,65.2,0.471,19.0,26.1,0.727,12.8,29.0,41.8,23.4,9.7,6.9,15.0,23.2,96.7,36.0,78.0,0.462,4.0,10.8,0.374,32.0,67.2,0.476,20.1,27.0,0.746,11.3,32.5,43.8,22.2,7.5,6.7,15.0,20.9,96.2,39.111111111111114,84.11111111111111,0.4672222222222222,3.888888888888889,11.11111111111111,0.3178888888888889,17.666666666666668,23.22222222222222,0.7722222222222224,12.777777777777779,30.333333333333332,43.111111111111114,19.88888888888889,8.555555555555555,5.333333333333333,12.444444444444445,21.555555555555557,99.77777777777777,35.666666666666664,77.55555555555556,0.45933333333333326,6.888888888888889,20.555555555555557,0.3298888888888889,18.666666666666668,24.77777777777778,0.7593333333333333,9.88888888888889,29.77777777777778,39.666666666666664,19.88888888888889,7.333333333333333,6.333333333333333,15.11111111111111,20.555555555555557,96.88888888888889
1,36.5,82.5,0.443,4.0,12.0,0.336,32.5,70.5,0.461,20.2,26.3,0.767,13.2,29.1,42.3,21.9,9.1,6.3,15.6,22.0,97.2,37.4,80.8,0.462,5.1,15.0,0.34,32.3,65.9,0.49,21.7,27.0,0.805,11.7,31.8,43.5,20.0,8.0,5.9,15.0,21.3,101.5,34.333333333333336,77.33333333333333,0.4444444444444444,6.222222222222222,17.22222222222222,0.3647777777777778,23.77777777777778,33.22222222222222,0.7210000000000001,8.444444444444445,29.88888888888889,38.333333333333336,17.444444444444443,6.0,3.6666666666666665,12.666666666666666,23.444444444444443,98.66666666666667,35.666666666666664,80.55555555555556,0.44300000000000006,6.444444444444445,20.22222222222222,0.31711111111111107,26.333333333333332,33.333333333333336,0.7907777777777779,12.555555555555555,34.0,46.55555555555556,18.555555555555557,7.0,7.111111111111111,11.777777777777779,24.555555555555557,104.11111111111111
0,36.3,81.0,0.448,3.0,9.6,0.311,33.3,71.4,0.466,21.3,27.5,0.775,12.7,29.5,42.2,21.6,10.3,3.5,14.8,22.0,96.8,34.7,80.4,0.432,6.2,17.5,0.357,28.5,62.9,0.453,18.7,25.0,0.75,12.2,31.6,43.8,21.3,7.0,4.5,16.7,24.7,94.5,33.5,80.5,0.41600000000000004,3.375,13.375,0.24924999999999997,16.375,21.75,0.7562500000000001,10.625,32.0,42.625,19.125,7.25,5.25,8.875,17.625,86.75,33.25,79.875,0.41575,5.0,14.5,0.34725,12.25,18.75,0.6412499999999999,11.625,34.5,46.125,20.625,4.75,6.625,13.5,18.0,83.75
1,36.1,81.2,0.445,5.5,16.0,0.34,30.7,65.2,0.471,19.0,26.1,0.727,12.8,29.0,41.8,23.4,9.7,6.9,15.0,23.2,96.7,36.5,78.6,0.465,3.5,10.3,0.344,33.0,68.3,0.483,20.7,26.1,0.791,10.1,33.0,43.1,20.8,6.5,6.1,14.5,22.8,97.2,33.666666666666664,77.0,0.43777777777777777,4.777777777777778,12.88888888888889,0.3346666666666666,21.0,27.666666666666668,0.7474444444444444,13.88888888888889,28.555555555555557,42.44444444444444,18.555555555555557,6.666666666666667,4.444444444444445,15.555555555555555,24.11111111111111,93.11111111111111,34.22222222222222,74.0,0.46411111111111114,6.333333333333333,18.0,0.35366666666666663,18.22222222222222,27.0,0.6789999999999999,9.11111111111111,26.666666666666668,35.77777777777778,18.333333333333332,9.333333333333334,5.555555555555555,13.333333333333334,23.11111111111111,93.0
0,38.3,83.4,0.459,4.2,12.8,0.329,34.1,70.6,0.482,20.1,28.9,0.696,13.6,33.4,47.0,23.4,7.5,6.5,13.9,22.5,100.8,36.5,82.5,0.443,4.0,12.0,0.336,32.5,70.5,0.461,20.2,26.3,0.767,13.2,29.1,42.3,21.9,9.1,6.3,15.6,22.0,97.2,37.09090909090909,85.0,0.4371818181818181,5.454545454545454,19.181818181818183,0.2882727272727273,16.0,22.818181818181817,0.7005454545454546,14.636363636363637,32.45454545454545,47.09090909090909,21.545454545454547,6.545454545454546,7.909090909090909,13.363636363636363,18.90909090909091,95.63636363636364,37.27272727272727,85.72727272727273,0.4355454545454545,5.090909090909091,19.727272727272727,0.2589090909090909,15.909090909090908,21.727272727272727,0.7110909090909092,13.090909090909092,31.818181818181817,44.90909090909091,20.818181818181817,8.272727272727273,5.454545454545454,11.909090909090908,20.272727272727273,95.54545454545455
0,37.4,80.8,0.462,5.1,15.0,0.34,32.3,65.9,0.49,21.7,27.0,0.805,11.7,31.8,43.5,20.0,8.0,5.9,15.0,21.3,101.5,37.6,81.9,0.459,6.3,16.5,0.381,31.3,65.4,0.479,18.9,23.8,0.794,10.1,31.4,41.5,21.2,7.5,6.0,13.9,23.3,100.5,33.42857142857143,75.42857142857143,0.4474285714285714,6.714285714285714,20.0,0.3364285714285714,23.142857142857142,28.571428571428573,0.7958571428571429,10.0,32.42857142857143,42.42857142857143,15.571428571428571,8.142857142857142,7.714285714285714,15.142857142857142,20.285714285714285,96.71428571428571,33.714285714285715,81.57142857142857,0.4131428571428572,7.0,21.285714285714285,0.327,19.142857142857142,22.714285714285715,0.8548571428571429,10.714285714285714,29.571428571428573,40.285714285714285,17.714285714285715,9.714285714285714,4.285714285714286,13.285714285714286,21.428571428571427,93.57142857142857
0,36.0,78.0,0.462,4.0,10.8,0.374,32.0,67.2,0.476,20.1,27.0,0.746,11.3,32.5,43.8,22.2,7.5,6.7,15.0,20.9,96.2,36.1,77.8,0.464,4.0,10.4,0.385,32.1,67.4,0.476,20.3,26.2,0.773,11.4,29.6,41.0,24.9,7.7,5.4,14.9,24.5,96.5,37.0,78.5,0.47150000000000003,8.25,20.5,0.40987500000000004,19.875,25.5,0.785125,7.75,33.375,41.125,21.125,7.25,5.5,13.625,20.375,102.125,34.5,85.25,0.40574999999999994,3.0,12.375,0.24300000000000002,19.375,26.5,0.7334999999999999,14.125,31.875,46.0,17.0,7.625,7.25,12.875,21.375,91.375
0,33.6,75.6,0.444,4.8,13.6,0.351,28.8,62.0,0.465,16.8,21.1,0.796,9.4,30.8,40.2,18.5,6.6,4.2,14.5,22.7,88.7,37.0,79.7,0.465,6.1,17.2,0.358,30.9,62.6,0.494,16.3,21.0,0.776,8.1,31.3,39.3,22.8,8.2,4.5,14.6,21.2,96.5,33.142857142857146,77.57142857142857,0.4287142857142857,9.714285714285714,25.714285714285715,0.37214285714285705,15.571428571428571,20.285714285714285,0.735,9.571428571428571,31.857142857142858,41.42857142857143,16.571428571428573,9.0,3.4285714285714284,10.857142857142858,20.571428571428573,91.57142857142857,30.714285714285715,71.28571428571429,0.43,6.142857142857143,20.142857142857142,0.30128571428571427,17.285714285714285,20.428571428571427,0.8555714285714286,6.857142857142857,32.857142857142854,39.714285714285715,17.428571428571427,4.857142857142857,2.857142857142857,13.571428571428571,19.0,84.85714285714286
1,36.5,82.5,0.443,4.0,12.0,0.336,32.5,70.5,0.461,20.2,26.3,0.767,13.2,29.1,42.3,21.9,9.1,6.3,15.6,22.0,97.2,39.8,86.0,0.463,8.5,24.0,0.356,31.2,62.0,0.504,18.5,25.8,0.717,11.5,30.0,41.4,23.8,9.1,5.7,16.0,23.6,106.5,38.77777777777778,88.33333333333333,0.4434444444444444,7.555555555555555,23.333333333333332,0.3261111111111111,20.555555555555557,28.666666666666668,0.713888888888889,13.555555555555555,28.11111111111111,41.666666666666664,23.77777777777778,9.222222222222221,4.222222222222222,13.777777777777779,21.333333333333332,105.66666666666667,40.44444444444444,83.0,0.49033333333333334,9.777777777777779,23.11111111111111,0.4237777777777778,15.0,19.666666666666668,0.7614444444444444,9.222222222222221,33.55555555555556,42.77777777777778,24.22222222222222,7.444444444444445,5.555555555555555,16.88888888888889,24.666666666666668,105.66666666666667
1,36.5,78.6,0.465,3.5,10.3,0.344,33.0,68.3,0.483,20.7,26.1,0.791,10.1,33.0,43.1,20.8,6.5,6.1,14.5,22.8,97.2,36.1,81.2,0.445,5.5,16.0,0.34,30.7,65.2,0.471,19.0,26.1,0.727,12.8,29.0,41.8,23.4,9.7,6.9,15.0,23.2,96.7,35.2,75.4,0.46630000000000005,5.7,18.6,0.3081,18.3,23.9,0.7731999999999999,9.7,28.8,38.5,19.3,6.5,6.4,12.5,25.5,94.4,34.0,78.3,0.4394,4.6,13.9,0.3308,22.3,29.4,0.7546000000000002,12.5,26.8,39.3,20.4,7.5,4.0,11.3,23.9,94.9
1,33.4,75.5,0.442,6.3,17.1,0.366,27.1,58.4,0.464,16.7,21.6,0.773,10.3,32.3,42.6,19.3,6.8,5.4,16.7,21.5,89.8,37.4,80.8,0.462,5.1,15.0,0.34,32.3,65.9,0.49,21.7,27.0,0.805,11.7,31.8,43.5,20.0,8.0,5.9,15.0,21.3,101.5,35.44444444444444,83.11111111111111,0.4281111111111111,11.222222222222221,31.77777777777778,0.35744444444444445,19.444444444444443,27.333333333333332,0.7186666666666667,10.88888888888889,31.0,41.888888888888886,19.11111111111111,8.11111111111111,4.555555555555555,16.555555555555557,21.88888888888889,101.55555555555556,39.666666666666664,84.88888888888889,0.4676666666666666,10.444444444444445,27.666666666666668,0.3838888888888889,21.11111111111111,24.77777777777778,0.8578888888888889,10.88888888888889,33.77777777777778,44.666666666666664,21.555555555555557,8.777777777777779,8.333333333333334,14.777777777777779,23.333333333333332,110.88888888888889
1,38.3,83.4,0.459,4.2,12.8,0.329,34.1,70.6,0.482,20.1,28.9,0.696,13.6,33.4,47.0,23.4,7.5,6.5,13.9,22.5,100.8,36.0,78.0,0.462,4.0,10.8,0.374,32.0,67.2,0.476,20.1,27.0,0.746,11.3,32.5,43.8,22.2,7.5,6.7,15.0,20.9,96.2,34.666666666666664,81.66666666666667,0.4235,6.333333333333333,21.833333333333332,0.2821666666666666,13.833333333333334,21.666666666666668,0.64,10.333333333333334,33.833333333333336,44.166666666666664,18.333333333333332,7.333333333333333,5.666666666666667,14.0,16.166666666666668,89.5,39.166666666666664,85.83333333333333,0.458,7.333333333333333,19.166666666666668,0.38233333333333336,12.833333333333334,16.666666666666668,0.7611666666666667,9.0,34.5,43.5,23.833333333333332,10.166666666666666,6.166666666666667,10.833333333333334,18.666666666666668,98.5
0,36.2,82.9,0.437,6.3,18.3,0.343,29.9,64.6,0.463,21.9,30.2,0.725,13.8,29.0,42.8,19.1,8.7,4.2,14.3,22.0,100.5,34.7,80.4,0.432,6.2,17.5,0.357,28.5,62.9,0.453,18.7,25.0,0.75,12.2,31.6,43.8,21.3,7.0,4.5,16.7,24.7,94.5,36.142857142857146,80.85714285714286,0.4482857142857143,6.142857142857143,16.428571428571427,0.36814285714285716,14.0,20.857142857142858,0.6754285714285714,11.142857142857142,29.714285714285715,40.857142857142854,21.285714285714285,8.571428571428571,6.428571428571429,11.428571428571429,19.714285714285715,92.42857142857143,33.714285714285715,78.0,0.43242857142857144,7.714285714285714,20.571428571428573,0.3678571428571429,15.428571428571429,20.571428571428573,0.761142857142857,11.428571428571429,30.142857142857142,41.57142857142857,23.0,6.142857142857143,4.428571428571429,13.857142857142858,19.285714285714285,90.57142857142857
1,39.8,86.0,0.463,8.5,24.0,0.356,31.2,62.0,0.504,18.5,25.8,0.717,11.5,30.0,41.4,23.8,9.1,5.7,16.0,23.6,106.5,36.5,78.6,0.465,3.5,10.3,0.344,33.0,68.3,0.483,20.7,26.1,0.791,10.1,33.0,43.1,20.8,6.5,6.1,14.5,22.8,97.2,38.8,85.2,0.45730000000000004,8.8,23.9,0.37039999999999995,19.2,26.7,0.7186,13.4,30.2,43.6,24.3,7.0,4.0,16.3,25.0,105.6,39.4,82.9,0.4753,8.6,24.1,0.3598,23.7,33.1,0.7118,11.4,30.6,42.0,23.5,10.0,5.7,13.4,22.6,111.1
0,37.4,80.8,0.462,5.1,15.0,0.34,32.3,65.9,0.49,21.7,27.0,0.805,11.7,31.8,43.5,20.0,8.0,5.9,15.0,21.3,101.5,36.1,81.2,0.445,5.5,16.0,0.34,30.7,65.2,0.471,19.0,26.1,0.727,12.8,29.0,41.8,23.4,9.7,6.9,15.0,23.2,96.7,36.18181818181818,80.63636363636364,0.45518181818181824,7.636363636363637,22.90909090909091,0.339,21.545454545454547,26.272727272727273,0.8182727272727273,12.636363636363637,33.45454545454545,46.09090909090909,18.09090909090909,6.545454545454546,7.2727272727272725,16.09090909090909,23.0,101.54545454545455,36.0,85.36363636363636,0.4224545454545454,4.818181818181818,15.272727272727273,0.31309090909090903,18.727272727272727,25.181818181818183,0.7432727272727273,11.818181818181818,28.454545454545453,40.27272727272727,21.454545454545453,9.181818181818182,2.5454545454545454,11.181818181818182,21.363636363636363,95.54545454545455
1,33.4,75.5,0.442,6.3,17.1,0.366,27.1,58.4,0.464,16.7,21.6,0.773,10.3,32.3,42.6,19.3,6.8,5.4,16.7,21.5,89.8,36.8,78.4,0.47,5.0,13.8,0.361,31.9,64.7,0.493,18.8,24.7,0.76,11.8,31.2,43.0,23.5,7.7,4.8,15.2,22.7,97.5,41.22222222222222,89.44444444444444,0.4646666666666666,8.444444444444445,25.444444444444443,0.3214444444444444,22.22222222222222,29.0,0.7771111111111112,15.777777777777779,33.333333333333336,49.111111111111114,18.88888888888889,6.444444444444445,4.666666666666667,13.666666666666666,24.88888888888889,113.11111111111111,39.77777777777778,88.88888888888889,0.4474444444444445,9.11111111111111,26.333333333333332,0.34644444444444444,21.88888888888889,27.77777777777778,0.7924444444444444,12.555555555555555,29.11111111111111,41.666666666666664,19.555555555555557,7.666666666666667,7.888888888888889,12.0,24.444444444444443,110.55555555555556
0,36.0,78.0,0.462,4.0,10.8,0.374,32.0,67.2,0.476,20.1,27.0,0.746,11.3,32.5,43.8,22.2,7.5,6.7,15.0,20.9,96.2,37.6,81.9,0.459,6.3,16.5,0.381,31.3,65.4,0.479,18.9,23.8,0.794,10.1,31.4,41.5,21.2,7.5,6.0,13.9,23.3,100.5,38.0,78.5,0.4864,8.5,20.7,0.40540000000000004,21.8,27.9,0.7788000000000002,9.8,35.2,45.0,21.0,6.5,3.7,13.5,18.8,106.3,39.4,88.3,0.44580000000000003,7.4,20.0,0.3706999999999999,14.0,18.7,0.7498999999999999,11.2,29.6,40.8,18.7,7.9,4.2,9.8,20.8,100.2
0,36.2,82.9,0.437,6.3,18.3,0.343,29.9,64.6,0.463,21.9,30.2,0.725,13.8,29.0,42.8,19.1,8.7,4.2,14.3,22.0,100.5,37.2,85.0,0.437,5.2,14.2,0.369,31.9,70.8,0.451,18.1,24.2,0.747,13.6,30.8,44.5,24.4,7.3,6.3,13.2,21.3,97.6,37.5,79.33333333333333,0.4746666666666666,9.166666666666666,23.333333333333332,0.37999999999999995,22.666666666666668,31.333333333333332,0.7118333333333333,11.333333333333334,34.0,45.333333333333336,25.5,7.0,6.666666666666667,15.833333333333334,22.0,106.83333333333333,37.0,84.16666666666667,0.44116666666666665,9.166666666666666,24.166666666666668,0.3801666666666666,19.666666666666668,26.333333333333332,0.7525000000000001,8.333333333333334,29.333333333333332,37.666666666666664,19.833333333333332,7.666666666666667,3.5,12.333333333333334,24.666666666666668,102.83333333333333
1,37.9,82.9,0.457,7.1,19.3,0.37,30.8,63.6,0.484,16.4,21.8,0.751,11.5,32.0,43.5,22.0,6.7,6.2,13.3,18.7,99.4,39.8,86.0,0.463,8.5,24.0,0.356,31.2,62.0,0.504,18.5,25.8,0.717,11.5,30.0,41.4,23.8,9.1,5.7,16.0,23.6,106.5,36.857142857142854,83.71428571428571,0.43957142857142856,7.142857142857143,20.142857142857142,0.34942857142857137,17.285714285714285,22.0,0.7855714285714287,10.0,33.142857142857146,43.142857142857146,23.285714285714285,7.142857142857143,5.428571428571429,14.428571428571429,20.0,98.14285714285714,41.42857142857143,90.42857142857143,0.46014285714285713,10.142857142857142,26.714285714285715,0.3841428571428572,15.428571428571429,22.285714285714285,0.6822857142857143,13.857142857142858,33.857142857142854,47.714285714285715,26.857142857142858,7.857142857142857,7.285714285714286,11.142857142857142,18.142857142857142,108.42857142857143
0,33.4,75.5,0.442,6.3,17.1,0.366,27.1,58.4,0.464,16.7,21.6,0.773,10.3,32.3,42.6,19.3,6.8,5.4,16.7,21.5,89.8,37.6,81.9,0.459,6.3,16.5,0.381,31.3,65.4,0.479,18.9,23.8,0.794,10.1,31.4,41.5,21.2,7.5,6.0,13.9,23.3,100.5,36.0,83.75,0.430125,10.625,32.0,0.33175,22.75,32.5,0.717125,11.875,34.625,46.5,22.0,9.25,5.25,15.875,22.875,105.375,39.25,90.125,0.4345,7.5,25.375,0.30362500000000003,16.5,21.75,0.757625,12.625,35.0,47.625,20.125,7.25,4.5,15.625,24.25,102.5
1,36.0,78.0,0.462,4.0,10.8,0.374,32.0,67.2,0.476,20.1,27.0,0.746,11.3,32.5,43.8,22.2,7.5,6.7,15.0,20.9,96.2,36.5,78.6,0.465,3.5,10.3,0.344,33.0,68.3,0.483,20.7,26.1,0.791,10.1,33.0,43.1,20.8,6.5,6.1,14.5,22.8,97.2,38.4,83.2,0.46340000000000003,9.6,25.8,0.3707,16.9,24.3,0.6935,9.2,33.5,42.7,25.8,7.4,3.8,12.7,23.5,103.3,38.4,82.5,0.46749999999999997,7.5,21.6,0.33680000000000004,19.1,29.1,0.6953,10.5,34.5,45.0,21.8,8.3,6.1,12.4,20.9,103.4
1,36.8,78.4,0.47,5.0,13.8,0.361,31.9,64.7,0.493,18.8,24.7,0.76,11.8,31.2,43.0,23.5,7.7,4.8,15.2,22.7,97.5,36.1,81.2,0.445,5.5,16.0,0.34,30.7,65.2,0.471,19.0,26.1,0.727,12.8,29.0,41.8,23.4,9.7,6.9,15.0,23.2,96.7,34.22222222222222,85.11111111111111,0.404,9.555555555555555,27.77777777777778,0.33811111111111114,15.777777777777779,19.11111111111111,0.826888888888889,10.333333333333334,33.666666666666664,44.0,18.22222222222222,4.444444444444445,4.888888888888889,11.333333333333334,19.444444444444443,93.77777777777777,38.77777777777778,84.88888888888889,0.45811111111111114,5.666666666666667,13.0,0.4207777777777778,18.11111111111111,22.88888888888889,0.7971111111111111,9.555555555555555,35.77777777777778,45.333333333333336,20.444444444444443,7.777777777777778,4.888888888888889,8.555555555555555,18.11111111111111,101.33333333333333
0,37.2,85.0,0.437,5.2,14.2,0.369,31.9,70.8,0.451,18.1,24.2,0.747,13.6,30.8,44.5,24.4,7.3,6.3,13.2,21.3,97.6,35.8,80.2,0.446,4.9,14.6,0.339,30.9,65.7,0.47,20.3,26.3,0.772,11.3,31.3,42.7,23.0,8.0,5.3,15.2,22.9,96.8,33.42857142857143,79.57142857142857,0.4232857142857144,7.142857142857143,22.142857142857142,0.32200000000000006,24.0,31.142857142857142,0.7821428571428571,13.0,32.285714285714285,45.285714285714285,17.0,7.285714285714286,4.714285714285714,14.428571428571429,20.857142857142858,98.0,34.285714285714285,78.57142857142857,0.4367142857142857,9.142857142857142,23.0,0.3982857142857143,18.428571428571427,22.428571428571427,0.830857142857143,7.857142857142857,30.285714285714285,38.142857142857146,17.857142857142858,8.142857142857142,4.857142857142857,12.714285714285714,24.285714285714285,96.14285714285714
0,39.8,86.0,0.463,8.5,24.0,0.356,31.2,62.0,0.504,18.5,25.8,0.717,11.5,30.0,41.4,23.8,9.1,5.7,16.0,23.6,106.5,33.4,75.5,0.442,6.3,17.1,0.366,27.1,58.4,0.464,16.7,21.6,0.773,10.3,32.3,42.6,19.3,6.8,5.4,16.7,21.5,89.8,41.142857142857146,86.28571428571429,0.47771428571428576,9.857142857142858,26.714285714285715,0.36914285714285716,19.0,26.857142857142858,0.7015714285714285,11.285714285714286,33.57142857142857,44.857142857142854,27.857142857142858,8.285714285714286,5.714285714285714,12.571428571428571,22.142857142857142,111.14285714285714,33.57142857142857,85.28571428571429,0.39571428571428574,9.0,28.714285714285715,0.3111428571428572,20.142857142857142,28.428571428571427,0.697857142857143,13.142857142857142,32.285714285714285,45.42857142857143,19.428571428571427,7.857142857142857,5.142857142857143,17.0,24.571428571428573,96.28571428571429
1,37.6,81.9,0.459,6.3,16.5,0.381,31.3,65.4,0.479,18.9,23.8,0.794,10.1,31.4,41.5,21.2,7.5,6.0,13.9,23.3,100.5,37.4,80.8,0.462,5.1,15.0,0.34,32.3,65.9,0.49,21.7,27.0,0.805,11.7,31.8,43.5,20.0,8.0,5.9,15.0,21.3,101.5,36.5,83.5,0.437375,7.5,24.375,0.31375,16.875,23.375,0.72725,9.625,27.625,37.25,21.625,6.875,3.25,11.875,20.75,97.375,40.625,86.0,0.47325000000000006,10.0,28.875,0.35350000000000004,18.625,24.5,0.7655,14.625,33.875,48.5,21.75,6.875,5.0,13.875,22.5,109.875
0,36.8,78.4,0.47,5.0,13.8,0.361,31.9,64.7,0.493,18.8,24.7,0.76,11.8,31.2,43.0,23.5,7.7,4.8,15.2,22.7,97.5,36.5,78.6,0.465,3.5,10.3,0.344,33.0,68.3,0.483,20.7,26.1,0.791,10.1,33.0,43.1,20.8,6.5,6.1,14.5,22.8,97.2,35.3,86.1,0.4104,8.8,27.6,0.3108,17.1,24.4,0.7141,14.0,36.4,50.4,20.1,6.3,3.5,13.4,24.1,96.5,37.3,84.6,0.4418,6.4,20.2,0.3133,17.8,29.3,0.6184,11.7,34.6,46.3,20.4,8.0,4.9,10.4,22.0,98.8
1,36.1,81.2,0.445,5.5,16.0,0.34,30.7,65.2,0.471,19.0,26.1,0.727,12.8,29.0,41.8,23.4,9.7,6.9,15.0,23.2,96.7,36.0,78.0,0.462,4.0,10.8,0.374,32.0,67.2,0.476,20.1,27.0,0.746,11.3,32.5,43.8,22.2,7.5,6.7,15.0,20.9,96.2,33.142857142857146,81.0,0.4097142857142857,4.285714285714286,16.142857142857142,0.24857142857142858,13.0,17.428571428571427,0.7384285714285713,11.142857142857142,27.285714285714285,38.42857142857143,18.285714285714285,9.0,3.857142857142857,13.428571428571429,19.714285714285715,83.57142857142857,37.57142857142857,75.0,0.5001428571428572,8.571428571428571,19.571428571428573,0.4367142857142857,16.571428571428573,21.142857142857142,0.7917142857142858,7.714285714285714,34.42857142857143,42.142857142857146,22.857142857142858,8.857142857142858,8.142857142857142,14.0,17.571428571428573,100.28571428571429
1,38.1,84.4,0.451,8.9,26.1,0.341,29.2,58.3,0.501,18.1,24.9,0.728,10.3,34.1,44.3,23.6,8.2,4.8,15.8,18.2,103.2,36.2,82.9,0.437,6.3,18.3,0.343,29.9,64.6,0.463,21.9,30.2,0.725,13.8,29.0,42.8,19.1,8.7,4.2,14.3,22.0,100.5,34.285714285714285,84.57142857142857,0.40514285714285714,7.714285714285714,26.857142857142858,0.281,23.142857142857142,30.428571428571427,0.7518571428571429,10.714285714285714,34.0,44.714285714285715,20.285714285714285,7.571428571428571,4.0,16.142857142857142,21.142857142857142,99.42857142857143,38.42857142857143,88.14285714285714,0.43557142857142855,8.857142857142858,27.285714285714285,0.319,19.714285714285715,25.285714285714285,0.784142857142857,12.142857142857142,34.285714285714285,46.42857142857143,21.714285714285715,8.714285714285714,7.571428571428571,14.142857142857142,24.571428571428573,105.42857142857143
1,36.8,78.4,0.47,5.0,13.8,0.361,31.9,64.7,0.493,18.8,24.7,0.76,11.8,31.2,43.0,23.5,7.7,4.8,15.2,22.7,97.5,39.8,86.0,0.463,8.5,24.0,0.356,31.2,62.0,0.504,18.5,25.8,0.717,11.5,30.0,41.4,23.8,9.1,5.7,16.0,23.6,106.5,37.375,89.0,0.419125,11.0,32.0,0.347125,17.75,22.25,0.787875,9.125,31.5,40.625,18.875,8.375,4.25,15.375,21.625,103.5,43.75,86.375,0.507,11.875,30.0,0.399125,22.875,28.875,0.788625,8.0,37.625,45.625,30.0,10.125,8.125,14.25,18.5,122.25
0,33.4,75.5,0.442,6.3,17.1,0.366,27.1,58.4,0.464,16.7,21.6,0.773,10.3,32.3,42.6,19.3,6.8,5.4,16.7,21.5,89.8,37.4,80.8,0.462,5.1,15.0,0.34,32.3,65.9,0.49,21.7,27.0,0.805,11.7,31.8,43.5,20.0,8.0,5.9,15.0,21.3,101.5,40.125,85.375,0.47225000000000006,12.125,36.75,0.33,21.5,28.75,0.7373749999999999,9.875,35.125,45.0,21.75,7.125,4.375,13.5,20.5,113.875,39.125,87.75,0.44599999999999995,9.625,28.625,0.347125,19.25,25.375,0.767,12.0,33.375,45.375,20.5,8.625,6.5,13.0,20.875,107.125
0,36.0,78.0,0.462,4.0,10.8,0.374,32.0,67.2,0.476,20.1,27.0,0.746,11.3,32.5,43.8,22.2,7.5,6.7,15.0,20.9,96.2,36.1,81.2,0.445,5.5,16.0,0.34,30.7,65.2,0.471,19.0,26.1,0.727,12.8,29.0,41.8,23.4,9.7,6.9,15.0,23.2,96.7,35.8,77.7,0.4624,9.1,23.8,0.3848,18.3,23.0,0.7939,9.3,31.4,40.7,17.5,5.5,4.5,11.5,19.9,99.0,34.1,78.7,0.4349,9.1,24.8,0.36239999999999994,17.7,21.1,0.8312999999999999,9.0,30.0,39.0,19.5,5.9,3.5,11.4,20.6,95.0
0,36.1,77.8,0.464,4.0,10.4,0.385,32.1,67.4,0.476,20.3,26.2,0.773,11.4,29.6,41.0,24.9,7.7,5.4,14.9,24.5,96.5,36.5,78.6,0.465,3.5,10.3,0.344,33.0,68.3,0.483,20.7,26.1,0.791,10.1,33.0,43.1,20.8,6.5,6.1,14.5,22.8,97.2,35.25,77.0,0.46137500000000004,10.0,25.75,0.394875,16.25,22.5,0.72825,7.0,31.5,38.5,19.375,6.25,3.375,10.5,19.375,96.75,36.875,77.25,0.4765,9.0,24.25,0.371125,15.875,22.0,0.71525,6.625,31.375,38.0,18.0,6.5,3.0,11.375,20.5,98.625
0,37.2,85.0,0.437,5.2,14.2,0.369,31.9,70.8,0.451,18.1,24.2,0.747,13.6,30.8,44.5,24.4,7.3,6.3,13.2,21.3,97.6,36.2,82.9,0.437,6.3,18.3,0.343,29.9,64.6,0.463,21.9,30.2,0.725,13.8,29.0,42.8,19.1,8.7,4.2,14.3,22.0,100.5,39.75,82.375,0.48275,11.125,30.375,0.36924999999999997,18.375,24.625,0.7529999999999999,8.0,30.125,38.125,21.5,7.375,5.875,13.0,21.625,109.0,40.125,84.625,0.47425,9.25,23.5,0.4035,18.0,22.375,0.8003750000000001,9.625,32.625,42.25,24.75,7.5,3.875,13.875,21.0,107.5
1,36.0,78.0,0.462,4.0,10.8,0.374,32.0,67.2,0.476,20.1,27.0,0.746,11.3,32.5,43.8,22.2,7.5,6.7,15.0,20.9,96.2,39.8,86.0,0.463,8.5,24.0,0.356,31.2,62.0,0.504,18.5,25.8,0.717,11.5,30.0,41.4,23.8,9.1,5.7,16.0,23.6,106.5,36.125,87.0,0.414,6.625,26.125,0.26187499999999997,17.875,22.125,0.803,10.125,30.75,40.875,21.75,7.375,4.0,12.0,18.375,96.75,40.75,82.625,0.493375,9.625,27.0,0.35075,16.0,19.375,0.828,7.25,36.0,43.25,28.375,6.625,7.75,13.125,19.625,107.125
1,39.3,84.3,0.467,3.0,8.7,0.346,36.3,75.5,0.481,16.8,21.6,0.78,12.4,30.1,42.5,26.9,7.6,5.4,13.9,23.3,98.5,33.4,75.5,0.442,6.3,17.1,0.366,27.1,58.4,0.464,16.7,21.6,0.773,10.3,32.3,42.6,19.3,6.8,5.4,16.7,21.5,89.8,37.57142857142857,83.14285714285714,0.4524285714285714,7.714285714285714,22.142857142857142,0.3489999999999999,16.428571428571427,21.714285714285715,0.7525714285714287,9.714285714285714,34.285714285714285,44.0,21.142857142857142,4.714285714285714,4.0,11.714285714285714,19.0,99.28571428571429,40.285714285714285,87.57142857142857,0.462,16.142857142857142,42.857142857142854,0.37585714285714283,18.857142857142858,23.571428571428573,0.7982857142857143,10.285714285714286,33.857142857142854,44.142857142857146,22.714285714285715,6.857142857142857,5.571428571428571,7.857142857142857,17.857142857142858,115.57142857142857
1,36.8,78.4,0.47,5.0,13.8,0.361,31.9,64.7,0.493,18.8,24.7,0.76,11.8,31.2,43.0,23.5,7.7,4.8,15.2,22.7,97.5,37.9,82.9,0.457,7.1,19.3,0.37,30.8,63.6,0.484,16.4,21.8,0.751,11.5,32.0,43.5,22.0,6.7,6.2,13.3,18.7,99.4,41.75,95.375,0.43825000000000003,10.75,33.375,0.325125,13.375,16.375,0.8283749999999999,12.875,33.0,45.875,19.625,8.75,4.75,12.625,20.0,107.625,42.25,84.125,0.502375,9.375,25.5,0.364875,18.125,22.625,0.800375,7.25,37.75,45.0,24.875,6.25,6.5,14.375,19.375,112.0
0,36.1,77.8,0.464,4.0,10.4,0.385,32.1,67.4,0.476,20.3,26.2,0.773,11.4,29.6,41.0,24.9,7.7,5.4,14.9,24.5,96.5,37.4,80.8,0.462,5.1,15.0,0.34,32.3,65.9,0.49,21.7,27.0,0.805,11.7,31.8,43.5,20.0,8.0,5.9,15.0,21.3,101.5,35.44444444444444,79.88888888888889,0.4432222222222222,10.0,31.11111111111111,0.3191111111111112,17.22222222222222,24.22222222222222,0.7166666666666667,10.222222222222221,33.22222222222222,43.44444444444444,19.0,8.666666666666666,4.444444444444445,15.222222222222221,19.22222222222222,98.11111111111111,36.888888888888886,84.22222222222223,0.4395555555555556,9.333333333333334,27.444444444444443,0.3384444444444445,15.555555555555555,20.77777777777778,0.7343333333333333,10.0,33.22222222222222,43.22222222222222,17.333333333333332,10.444444444444445,4.444444444444445,13.333333333333334,20.77777777777778,98.66666666666667
